;Seq
EPCAME4G;AAAACCTTAT
MLH1E10G;AAACACACAC
MLH1EE19H718WTG;AAACTCCTGG
APCE2G;AAACTGGAAA
APCEins8G;AAAGGTGGCG
POLEE42G;AAAGTTTCAT
BMPR1AE5G;AAATATGAAG
MLH1E4G;AACAGCTGAT
POLEE40G;AACATGATGA
APCE8G;AACATGGCAA
BUB1E5G;AACCCATTTG
SMAD4Eins11G;AACCCCTGTT
MUTYHEins1G;AAGAATCAAA
APCE11G;AAGAGCATAG
PTENE1G;AAGAGGATGG
MSH2E12G;AAGATAAACA
POLEE26T1052WTG;AAGATTACGG
BUB1E19G;AAGCCCAAGA
POLEE24G;AAGGAAGAAG
MSH2E2G;AAGGAGAATG
AXIN2E2aG;AAGGATACCA
MSH2E1G;AAGTACATGG
MSH3E4G;AAGTATAGAT
BUB1E6G;AATAACATGG
PTENEIntron6G;AATAATACTG
FAN1E9G;AATGGCTGTG
MLH1E11G;AATTCCTCCA
BUB1Eins1bG;AATTGATCTA
STK11E2lncG;ACAAGACACC
MLH1E2G;ACAATGGCAC
POLD1EIntron10G;ACACCCTGCC
STK11EIntron1G;ACCCCTGTCC
PTENE4G;ACCGCCAAAT
BUB1E12G;ACCGTGCACA
POLEE11G;ACCTACAACG
MUTYHE13G;ACCTCCGGCA
MSH6E1aG;ACGGAGGGCT
POLD1E17aG;ACGGCAGCTG
MSH6Eins1aG;ACGGTGGGCC
POLD1E21G;ACGTGGAGCT
BMPR1AEIntron9G;ACTAACCTTT
SMAD4E3G;ACTACGAACG
NTHL1EIntron1G;ACTGCGTGGT
APCE1lncbG;ACTGGGCGAG
GALNT12Eins9G;ACTTACCCCT
APCE12G;ACTTGACTTT
BUB1E18G;ACTTGGGACT
SMAD4E2G;AGAACATTGG
MLH1E9G;AGAAGTGCAT
APCE5G;AGAATAGATA
PMS2E15G857WTG;AGACACATCG
RNF43Eins2G;AGACTATAAC
AXIN2E10G;AGAGCAGCTC
MSH3E23G;AGAGCTGGAA
FAN1E2Ar233WTG;AGAGTGCATT
BUB1E24G;AGAGTGTAAG
AXIN2E7G;AGCAAGCCCA
POLD1E12G;AGCATCATCA
MSH6E3G;AGCCAGAAGA
POLEE39G;AGCCCTGTGC
PMS2E11G;AGCCGAAGAT
POLEEins6G;AGCCTCCTGA
APCEins11G;AGCTAGGGCA
APCE15G;AGCTTGATAG
SMAD4EIntron8G;AGGATGTTCT
MLH1E7G;AGGCATTAGT
AXIN2E6P462WTG;AGGCGTAGGC
MSH3E13G;AGGGGACTCT
RNF43E9R343WTG;AGGTCGAAGA
BMPR1AE2G;AGTACAGTTT
MLH1E3G;AGTATTTCTA
RNF43E2I47WTG;AGTCTGAAAG
PTENEins3G;AGTTAAGTGA
RNF43E2G;ATAACTCCAG
PTENE2G;ATACAGGAAC
POLEE19G;ATACGAGAAG
POLEE38G;ATCAACAGTT
BMPR1AE7G;ATCATCTTCT
AXIN2E9G;ATCCAAGCCT
STK11E1lncG;ATCCACCTCG
GALNT12E4G;ATCCCCCGTC
BUB1Eins19G;ATCCTAGAAC
SMAD4E4G;ATCTCTCAGG
PMS2E11P470WTG;ATCTCTGACA
MSH3E2G;ATCTGGGAAT
BUB1E7G;ATCTTCAGCT
MSH2E8G;ATGATAGAAA
BUB1E13G;ATGCATTTGA
EPCAME1lncG;ATGCCACGGC
AXIN2E6G;ATGCCCAGCG
PMS2E13G;ATGGCTTTGA
AXIN2E3G;ATGTCCATGA
MSH2E7G;ATGTTATACA
MLH1EIntron17G;ATTTTGAGGT
POLD1E3G;CAACAGTTGG
MSH2E9G;CAACATTAAT
SMAD4E5G;CAACATTCCT
GALNT12E6G;CAACCCCCGT
PMS2E4aG;CAAGAGTTTG
MSH3E19G;CAATATGTCC
MLH1E5G;CAATCAAGGG
POLEEIntron5G;CAATGAGCGT
BMPR1AE6G;CACACTGCCC
BUB1E11G;CACAGAGTGG
POLD1E24G;CACAGTGCTC
MSH3Eins20bG;CACATCTTAT
PMS2EIntron4G;CACCATGCCT
BUB1E1G;CACCCCGGAA
AXIN2E2G;CACGGAAACT
MLH1Eins2aG;CACGTAAATC
GALTN12E10S569WTG;CACTCTTACG
STK11Eins1G;CAGACCATCC
FAN1E6G;CAGACTGAAA
GALNT12E9G;CAGAGAATCA
MSH2E17G;CAGAGAGACA
PMS2E14G;CAGAGCCTGC
MSH2E15G;CAGCAAAGAA
BUB1E23G;CAGCAACAAA
NTHL1Eins4G;CAGCACTTTG
PMS2E10G;CAGCCACTGC
MUTYHE1lnccG;CAGGACCCTG
STK11E8G;CAGGACTTCA
PMS2E12G;CAGGGGCAGA
MUTYHE11G;CAGTCCTGAC
EPCAME3M115WTG;CAGTGCAACG
MSH3E17G;CAGTGCTGAA
POLEE18G;CAGTGGAGGG
STK11E3G;CAGTGTGCCA
PTENE3G;CATAAAAACC
SMAD4E10G;CATAAGATCT
PMS2E5G;CATAAGGAAT
POLEE12G;CATCCACATG
GREM1E2bG;CATCCCCCCG
POLD1E19G;CATCCGGCTG
POLEE35G;CATCCGTCTT
FAN1E5G;CATCTTCCAA
APCE10G;CATGGACCAG
GALNT12E8G;CATGGGATGG
MSH6E7G;CATTCTCTGG
MSH6E1lncG;CCAAAACTGC
MUTYHE15G;CCAACAGCCA
POLD1E6G;CCAACGTCGA
BUB1E3G;CCAAGATTCA
MUTYHE2G;CCAAGCCTTC
AXIN2E4G;CCAAGTGTCT
MLH1E15G;CCAATTTTGG
EPCAME10G;CCACAAGTGT
MSH2E10G;CCAGAAGAAT
BUB1E4G;CCAGAGAGTT
RNF43E9P686WTG;CCAGATTTTT
GREM1E3UTRWTG;CCAGCATGTC
MSH3E1G;CCAGCTGCCG
APCE6G;CCAGGATATG
RPS20E4aG;CCATCAGTAT
BUB1Eins1dG;CCATGCTCCT
POLEE7G;CCATTGACCT
POLEE34G;CCCAGTTCAG
RNF43E6G;CCCCCGCCAC
MUTYHE1lncaG;CCCGCCTGAG
RPS20E1G;CCCGCGCGCA
POLEE48G;CCCTCACCAT
RNF43E8G;CCCTCTGCAT
POLEE28G;CCCTGCGGCC
POLEE29G;CCCTGGAGGG
MUTYHE9G;CCCTTGTTTC
AXIN2E1G;CCGAAGGCCC
GALNT12E1G;CCGAGCGCTG
STK11E1aG;CCGCGGACCG
STK11E6G;CCGCTCTCTG
POLD1E17G;CCGTGCCTGG
GALNT12E1_2G;CCGTGCGCTG
MLH1E17G;CCTATCTTCA
RNF43E9L418WTG;CCTATGCACA
BMPR1AE3G;CCTATTTGTT
POLD1Eins17G;CCTCAACCTC
EPCAME2lncG;CCTCCACGTT
SMAD4E8G;CCTCCCATTT
NTHL1Eins3G;CCTCCTTCCT
POLEE17G;CCTGACCAAC
NTHL1E5G;CCTGGAGGAG
MSH2E14G;CCTTAACTAT
POLEE47G;CCTTCACCCT
BMPR1AEins2G;CCTTGGTGTG
AXIN2E8G;CGAAGCCCCC
MLH1E18G;CGACCCTCTC
STK11E4G;CGACCTGGGC
MLH1E1bG;CGAGACCTTT
POLEE8G;CGAGATGACC
POLD1E26G;CGAGGACGTC
MSH6E2lncG;CGATCTTCAT
POLEE36G;CGATTCCTGC
RPS20E2G;CGCAACGTAA
FAN1E10G;CGCAGCGGTT
EPCAME1bG;CGCAGCTTTG
RPS20E5bG;CGCCAAAAAA
SMAD4E1G;CGCCACCGCC
POLEE30G;CGCCCTGGGA
FAN1E1lncG;CGCCGGCGCG
MSH6E1G;CGCCTGCTGC
MSH3E5G;CGCCTGGTGG
MUTYHE1lncbG;CGCGCTAGAG
POLEE1G;CGGATGGCGA
POLD1E15G;CGGGACTGCA
MSH3E5UTRWTG;CGGGCTCGCG
POLEE35_2G;CGTCCGTCTT
MSH6EE1G39WTG;CGTGCCGCCG
APCE13G;CTAAAATCTG
MLH1Eins1aG;CTCAGCCTCC
FAN1E1G;CTCAGTCGCG
MSH3E8G;CTCATCCACA
FAN1Eins2G;CTCCAAGCCA
NTHL1E2G;CTCCAGTGCC
MLH1E8G;CTCCATCTTT
MLH1E8_2G;CTCCGTCTTT
AXIN2EIntron5G;CTCCTTCTGA
POLEE45S2084WTG;CTCGGAACTC
PMS2E4G;CTCTGAGCTC
PMS2E6G;CTCTGTGTTT
PTENEins5G;CTGACCTTGT
MSH6EE3D180WTG;CTGAGAGCAA
APCE1G;CTGCCGGACT
RNF43E3G;CTGCCTGTCA
POLD1E16G;CTGCTCAGTG
EPCAME3G;CTGCTCTGAG
FAN1E4G;CTGGAATTGG
POLD1E2G;CTGGAGGGGG
POLEE45G;CTGGAGTTCA
EPCAME5G;CTGGATCCAA
PMS2E2G;CTGGATGCTG
PMS2E7G;CTGTTCCGAT
PMS2E7_2G;CTGTTCGGAT
MUTYHE14G;CTGTTTCCAC
MSH3E14G;CTTAAAGATA
STK11E3lncG;CTTCAAAGCA
FAN1E12G;CTTCACGTCT
POLEE31G;CTTCCGTGGC
FAN1E8G;CTTGAAGCGC
RPS20EI14-40WTG;CTTTCTCCAG
APCE16V1822WTG;GAAACAGAAT
FAN1E7G;GAAATACTGC
MSH2E13G;GAAATGTTGG
FAN1E13G;GAACTCCCAG
MLH1E13G;GAAGAAATTA
MSH6E9G;GAAGATGAAT
MSH3E3G;GAAGATTCGA
RNF43E5G;GAAGGAGCCC
POLD1E9G;GAAGGAGGAG
BMPR1AE13aG;GAAGTGAATT
APCE16Y486WTG;GAATTATTGC
FAN1E2G;GAATTGTAAC
MUTYHEIntron10G;GACACTCAAC
APCE3G;GACAGATTGA
MUTYHE4G;GACAGGCGGG
POLEE33G;GACATCGAGG
BUB1E2G;GACCCTCTTG
MLH1E12G;GACCTACTTC
POLEE46G;GACCTGTGTA
FAN1E3G;GACGAATGCA
GALNT12E5G;GAGGAGAAAA
MSH3E22G;GAGGATGAAA
NTHL1E2aG;GAGGGCTCGG
POLD1E8G;GAGTGCGCCG
POLEE15G;GATATCCCTT
SMAD4E11G;GATCAGTAGG
RNF43E4G;GATCGAGCTG
MSH3Eins8G;GATGACTTGA
APCE16T1493WTG;GATGCTGATA
GALNT12EIntron3G;GATGGATGTC
FAN1E11G;GATGTCTTCA
MSH3E20G;GATTGTGGAT
POLEE9G;GATTTCCTAC
SMAD4Eins4G;GATTTGGACA
EPCAME2G;GCACAAAATA
MSH3E15G;GCACAATATG
FAN1EI41577+75WTG;GCACATATTA
MLH1E16G;GCAGACTATT
GALTN12E1G46WTG;GCAGCGTGGG
POLEE37G;GCAGGCCTTC
MSH2E5G;GCAGTCAGAG
GREM1Eins1G;GCATTTGCCG
PTENE8G;GCCAACCGAT
POLEE43G;GCCAGAACTA
AXIN2E2P50WTG;GCCAGGTCAC
POLEE23G;GCCATGTTGA
SMAD4E7G;GCCCCATCCC
BUB1Eins1aG;GCCCTCAGAG
POLD1E7G;GCCCTGAGGC
POLD1E23G;GCCGAGGCTG
POLD1E22G;GCCGCCTACA
POLD1E20G;GCCGCCTGCT
MUTYHE8G;GCCTCTATCG
AXIN2E5G;GCCTGCAGCA
SMAD4E1lncaG;GCCTGGAATC
GALNT12E7G;GCCTGGCTTC
BUB1E17G;GCCTTCAAGG
MSH2E1aG;GCGCATTTTC
AXIN2Eins1aG;GCGCGCGCGG
POLD1E21aG;GCGGCCTCCG
POLEE44G;GCGGTCGGAG
POLEE6G;GCGTACACAG
BUB1E20G;GCTAAAAATA
BMPR1AE9G;GCTAATGCGC
RPS20EI13+57WTG;GCTCGGGCGC
APCE9G;GCTGACAAGT
EPCAME6G;GCTGATGTGG
POLEE25G;GCTGGACGTG
MLH1ESNPWTG;GCTGGATGGC
POLEE2G;GCTGGCTCAT
MSH6E4G;GCTGTAGAGT
MSH2E4G;GCTGTATTGC
MUTYHEins15G;GCTGTTTGGA
POLEE41G;GCTTACGTGG
BUB1E9G;GCTTCCCAGG
MLH1E6G;GGAAAATTTT
POLD1E1G;GGAAACGCTG
RPS20E1bG;GGAAAGGCGC
SMAD4E9G;GGACAGAAGC
RPS20E3G;GGACCAGTTC
GREM1E1G;GGACCCGCCG
AXIN2E8L688WTG;GGACCCTGCG
PMS2E11K541WTG;GGACTCTCAG
BUB1E8G;GGAGAAAGCA
NTHL1E1G;GGAGAAGAGA
MSH2E3G;GGAGACATGG
BUB1E21G;GGAGAGCTCT
POLEE16G;GGAGCAAGTC
PMS2E1G;GGAGCGAGCT
FAN1E14G;GGAGCTAAGA
POLEE22G;GGAGCTGATC
RNF43E7G;GGAGGAGTTC
POLEE32G;GGAGGGTGCT
RNF43E1aG;GGAGGTTTCA
MSH6Eins1bG;GGATCCGGCT
APCEins1G;GGATGAGAGA
POLEE46E2140WTG;GGATGTCGGC
EPCAME8G;GGCAAAGTAT
STK11E7G;GGCAGATCCG
POLEE13G;GGCCACGGAG
MSH6EE1R62WTG;GGCCCAGGCC
PMS2E8G;GGCCTTGTGA
AXIN2Eins1cG;GGCGGCCTTC
POLD1E18G;GGCTACAGCA
POLEE21G;GGCTATGTCA
POLEE26G;GGCTCCCCTG
BMPR1AE11G;GGCTCGTCGT
MUTYHE3G;GGGACCTACC
POLD1E25G;GGGAGTCTGA
MSH3E7G;GGGCAACATT
MSH6E5G;GGGCAAGTCT
NTHL1E4G;GGGCACTGTG
RNF43E1G;GGGCCCGACA
SMAD4E1lncbG;GGGCTGCCAG
PTENE5G;GGGGAAGTAA
STK11E1G;GGGGAGGCCA
POLD1E4R119WTG;GGGGGCCCCC
MSH3Eins1aG;GGGGGCTTGT
PMS2E3G;GGGTAGAAGA
MSH3E1P231WTG;GGTCCAAAAG
STK11E5G;GGTCGGCTGG
MSH3E12G;GGTGACCCAG
MUTYHE12G;GGTGCAGAGG
POLD1Eins1G;GGTGCCCAGC
RNF43EI92308+348WTG;GGTGGATCCC
BUB1EIntron17G;GGTTTCTTTA
BUB1E15G;GTCAGCAGAC
APCE16S1756WTG;GTCCAGCAAG
POLEE5G;GTCCCCAAAG
MSH3E18G;GTCGCTAAGC
AXIN2Eins1bG;GTCGCTGTCG
APCEintron11G;GTCTTTTTCC
STK11E9G;GTGAGGCTGG
POLD1E11G;GTGCAGATGG
RNF43E9G;GTGCTGTCGG
POLD1E5G;GTGGAACTGT
BUB1E10G;GTGGCCAGCA
BMPR1AE12G;GTGTCTAATC
FAN1EIntron8G;GTGTGACCAT
POLEE20G;GTTACGAGTT
MLH1E14G;GTTATACCTT
PTENE6G;GTTCAGTGGC
MSH3Eins1bG;GTTGCCATCC
MSH6E8G;GTTGCTGTGC
APCE5UTRWTG;GTTGGTGAGG
EPCAME7G;GTTGTTGCTG
BUB1E14G;GTTTGAAGAT
MSH6EIntron3G;GTTTTTAAAT
BUB1E22G;TAAACCAGAC
MLH1E1G;TAATGCTATC
BMPR1AE3P2WTG;TACACAGGAA
POLD1E4G;TACACCCCAG
APCE7G;TACAGTCCCA
NTHL1E3G;TACCCCGTCG
MSH3E16G;TATACCAACT
POLD1E13G;TATCCCAGCT
MSH3E21G;TATGCTACAC
POLEE4G;TATTTCTACA
BUB1Eins1cG;TCAAATAGTG
MSH6E3lncG;TCAGACTCCC
BMPR1AE4G;TCCAGATGAT
POLEE14G;TCCCATGGAG
GREM1EIntron1G;TCCCCTCTCT
MSH2E17WTG;TCGGCCAGAG
POLD1E10G;TCGGGCCCAG
MSH2E6G;TCTCATGGAT
BMPR1AE8G;TCTGGTAGTG
AXIN2Eins1dG;TGAGCTGGAT
MUTYHE5G;TGATCAACTA
GALNT12E2G;TGATCCTTGT
MUTYHE7G;TGCAGGAGGG
BMPR1AE1G;TGCGTTCCCT
APCE16G1678WTG;TGCTGGAGAA
MSH3E10G;TGGAAAAGAT
GALNT12E3G;TGGAGCCGCT
BUB1E16G;TGGAGTCAGT
APCE4G;TGGATATTTA
MUTYHE6G;TGGCCAGTGC
APCE1lncaG;TGGCTCGATG
MSH2EIntron13G;TGGGAAATTT
BMPR1AE10G;TGGGCCTTGC
POLEE39bG;TGGTCATACC
POLD1E14G;TGTCATCGAG
MUTYHE10G;TGTGCCGGGC
STK11E2G;TGTGTTATAC
MSH3E11G;TTAAGGAATC
APCE16P1960WTG;TTACAGAATT
SMAD4E6G;TTACTGGTCA
MSH6E2G;TTAGCAAAAG
RPS20EIntron2G;TTATACTGAG
MUTYHE1G;TTCATCAGCG
PTENE7G;TTCCACAAAC
POLEE27G;TTCCCTTCAA
MSH3EIntron16G;TTCCTATTTG
APCE14G;TTGATGGAAT
RNF43EIntron7G;TTGGACCCCC
MSH6E6G;TTGGTGCCTC
POLEE10G;TTGTGTCTTC
MSH2E11G;TTGTTAAAGA
PMS2E9G;TTGTTGTTCT
MSH3E6G;TTTATACAAA
MSH3E9G;TTTATGCAAA
POLEE3G;TTTATTCAAG
MSH3Eins20aG;TTTCTTTGAA
EPCAMEintron6G;TTTTAATTCC
EPCAME1G;TTTTGCCGCA
FAN1E2aG;TTTTGGTGAT
