Sonde;Seq
MLH1E1G;TAATGCTATCAAAGAGATGATTGAGAACTG
MLH1E1bG;CGAGACCTTTTAAGGGTTGTTTGGAGT
MLH1Eins1aD;ACGGAGTCTCACTTTGTCACCCAG
MLH1Eins1aG;CTCAGCCTCCCGAGTAGCTAGGACTATAG
MLH1E2D;TTTAGATGCAAAATCCACAAGTATTCAAGT
MLH1E2G;ACAATGGCACCGGGATCAGG
MLH1Eins2aD;AACAATATACGCAAAGACTATTAAATGGAA
MLH1Eins2aG;CACGTAAATCCTTGTGGGCCAAG
MLH1E3D;AAAGAAGATCTGGATATTGTATGTGAAAGG
MLH1E3G;AGTATTTCTACCTATGGCTTTCGAGGTGAG
MLH1E4D;GCTTTGGCCAGCATAAGCCAT
MLH1E4G;AACAGCTGATGGAAAGTGTGCATACAG
MLH1E5D;AGCAAGTTACTCAGATGGAAAACTGAAAGC
MLH1E5G;CAATCAAGGGACCCAGATCACG
MLH1E6D;GTGGAGGACCTTTTTTACAACATAGCCAC
MLH1E6G;GGAAAATTTTGGAAGTTGTTGGCAG
MLH1E7D;GTATTCAGTACACAATGCAGGC   
MLH1E7G;AGGCATTAGTTTCTCAGTTAAAAAA
MLH1E8D;CAAGGAGAGACAGTAGCTGATGTTAGGACA
MLH1E8G;CTCCATCTTTGGAAATGCTGTTAGTCG
MLH1E8_2G;CTCCGTCTTTGGAAATGCTGTTAGTCG
MLH1E9D;AGAACTGATAGAAATTGGATGTGAGGATAA
MLH1E9G;AGAAGTGCATCTTCTTACTCTTCATCAACC
MLH1E10D;ATCGTCTGGTAGAATCAACTTCCTTGAGAA
MLH1E10G;AAACACACACCCATTCCTGTACCTCAG
MLH1E11D;TTTAGAAATCAGTCCCCAGAATGTGGAT
MLH1E11G;AATTCCTCCAGGATGTACTTCACCCAG
MLH1E12D;ACTTTGCTACCAGGACTTGCTGGC
MLH1E12G;GACCTACTTCCAGCAACCCCAG
MLH1E13D;AAAGAGACATCGGGAAGATTCTGATGT
MLH1E13G;GAAGAAATTAATGAGCAGGGACATGAGG
MLH1E14D;TTCTCCGGGAGATGTTGCATAACC
MLH1E14G;GTTATACCTTCTCAACACCACCAAGCTTAG
MLH1E15D;TGAAGAACTGTTCTACCAGATACTCATTTA
MLH1E15G;CCAATTTTGGTGTTCTCAGGTTATCG
MLH1E16D;GAGCCAGCACCGCTCTTTGAC
MLH1E16G;GCAGACTATTTCTCTTTGGAAATTGATGAG
MLH1E17D;GAAGGGAACCTGATTGGATTACCC
MLH1E17G;CCTATCTTCATTCTTCGACTAGCCACTGAG
MLH1E18D;GTGAATTGGGACGAAGAAAAGGAATG
MLH1E18G;CGACCCTCTCAGGCCAGCAG
MLH1E19D;AGTGAAGTGCCTGGCTCCATTC
MLH1ESNPWTG;GCTGGATGGCGTAAGCTACAGCT
MLH1ESNPWTD;GAAGGAAGAACGTGAGCACGAGGC
MLH1ESNPD;AAAGGAAGAACGTGAGCACGAGGC
MLH1EE19H718WTG;AAACTCCTGGAAGTGGACTGTGGAA
MLH1EE19H718WTD;CACATTGTCTATAAAGCCTTGCGCTCA
MLH1EE19H718HD;TACATTGTCTATAAAGCCTTGCGCTCA
MLH1EIntron17G;ATTTTGAGGTATTGAATTTCTTTGGACCAG
