Sonde;Seq;
TP53E1G;GACACGCTTCCCTGGATTGG;
TP53E2D;CAGCCAGACTGCCTTCCGG;
TP53E2G;TCAGGAAACATTTTCAGACCTATGGAAACT;
TP53E3D;ACTTCCTGAAAACAACGTTCTG;
TP53E3G;ACTTCCTGAAAACAACGTTCTG;
TP53E4D;TCCCCCTTGCCGTCCCAAGC;
TP53E4G;AGCCAAGTCTGTGACTTGCACG;
TP53E5D;TACTCCCCTGCCCTCAACAAGAT;
TP53E5bD;ATGTTTTGCCAACTGGCCAAGAC;
TP53E5G;AGCGCTGCTCAGATAGCGATG;
TP53E6D;GTCTGGCCCCTCCTCAGCAT;
TP53E6G;TGCCCTATGAGCCGCCTGAG;
TP53E7D;GTTGGCTCTGACTGTACCACCATCC;
TP53E7G;CCATCATCACACTGGAAGACTCCAG;
TP53E8D;TGGTAATCTACTGGGACGGAACAGCT;
TP53E8G;CCCCAGGGAGCACTAAGCGAG;
TP53E9D;CACTGCCCAACAACACCAGCT;
TP53E9G;ACTGGATGGAGAATATTTCACCCTTCAG;
TP53E9bD;GACCAGACCAGCTTTCAAAAAGAAAATTGT;
TP53E9gD;ATGCTACTTGACTTACGATGGTGTTACTTC;
TP53E9bgG;CTGATAAACTCGTCGTAAGTTGAAAATATT;
TP53E10D;ATCCGTGGGCGTGAGCGCTT;
TP53E10G;GGGAGCAGGGCTCACTCCAG;
TP53E11D;CCACCTGAAGTCCAAAAAGGGTC;
TP53E12D;GGAATGCCAAACACTCTCCCC;
TP53E12G;CATTCTGACTCTGCCAAACCCTTCTTT;
TP53E13D;AAAACATTTCCGGCCAGGCAC;
TP53E14D;GCGTGAGCCACTGCGCCTGG;
TP53E15D;GCCAAGGCAGGTGGATCACCT;
TP53EP72WTG;ATGCCAGAGGCTGCTCCCC;
TP53EP72RG;CCGTGGCCCCTGCACCAGCAG;
TP53EP72D;GCGTGGCCCCTGCACCAGCAG;
TP53EIntron6G;CTCATCTTGGGCCTGTGTTATCTCCTAG;
